{
   "GameName":"Bad Earth",
   "Version":0.1,
   "EntityLocationsFile":"entities.json",
   "Assets":[
      {
         "Name":"earth",
         "Group":"sphereness",
         "StackType":null,
         "ShakeType":"None",
         "Mesh":"badEarth.obj",
         "ColorTex":"super_earth.jpg",
         "NormalTex":"super_earth.jpg",
         "SpecularTex":"super_earth.jpg",
         "Mass": 10.0,
         "CoMx": 0,
         "CoMy": 0,
         "CoMz": 0,
         "Collider":{
   			"Type":"Sphere",
   			"Position":[0.0,0.0,0.0],
   			"Rotation":[0,0,0,1],
   			"Radius":1
		   }
      },
      {
         "Name":"ttrBoard",
         "Group":"board",
         "StackType":null,
         "ShakeType":"None",
         "Mesh":"ttrBoard.obj",
         "ColorTex":"ticketToRideBoard.jpg",
         "NormalTex":"whiteblack.jpg",
         "SpecularTex":"whiteblack.jpg",
         "Mass":0,
         "CoMx":0,
         "CoMy":0,
         "CoMz":0,
         "Collider":{
            "Type":"Empty",
            "Position":[0,0,0],
            "Rotation":[0,0,0,1]
         }
      },
      {
         "Name":"ttrRouteCard1",
         "Group":"card",
         "StackType":null,
         "ShakeType":"None",
         "Mesh":"ttrCard.obj",
         "ColorTex":"ttrRouteCard1.jpg",
         "NormalTex":"whiteblack.jpg",
         "SpecularTex":"whiteblack.jpg",
         "Mass":0.05,
         "CoMx":0,
         "CoMy":0,
         "CoMz":0,
         "Collider":{
            "Type":"Box",
            "Position":[0,0,0],
            "Rotation":[0,0,0,1],
            "HalfExtents":[1.5,0.025,2.417]
         }
      },
      {
         "Name":"ttrRouteCard2",
         "Group":"card",
         "StackType":null,
         "ShakeType":"None",
         "Mesh":"ttrCard.obj",
         "ColorTex":"ttrRouteCard2.jpg",
         "NormalTex":"whiteblack.jpg",
         "SpecularTex":"whiteblack.jpg",
         "Mass":0.05,
         "CoMx":0,
         "CoMy":0,
         "CoMz":0,
         "Collider":{
            "Type":"Box",
            "Position":[0,0,0],
            "Rotation":[0,0,0,1],
            "HalfExtents":[1.5,0.025,2.417]
         }
      },
      {
         "Name":"ttrRouteCard3",
         "Group":"card",
         "StackType":null,
         "ShakeType":"None",
         "Mesh":"ttrCard.obj",
         "ColorTex":"ttrRouteCard3.jpg",
         "NormalTex":"whiteblack.jpg",
         "SpecularTex":"whiteblack.jpg",
         "Mass":0.05,
         "CoMx":0,
         "CoMy":0,
         "CoMz":0,
         "Collider":{
            "Type":"Box",
            "Position":[0,0,0],
            "Rotation":[0,0,0,1],
            "HalfExtents":[1.5,0.025,2.417]
         }
      },
      {
         "Name":"ttrRouteCard4",
         "Group":"card",
         "StackType":null,
         "ShakeType":"None",
         "Mesh":"ttrCard.obj",
         "ColorTex":"ttrRouteCard4.jpg",
         "NormalTex":"whiteblack.jpg",
         "SpecularTex":"whiteblack.jpg",
         "Mass":0.05,
         "CoMx":0,
         "CoMy":0,
         "CoMz":0,
         "Collider":{
            "Type":"Box",
            "Position":[0,0,0],
            "Rotation":[0,0,0,1],
            "HalfExtents":[1.5,0.025,2.417]
         }
      },
      {
         "Name":"ttrRouteCard5",
         "Group":"card",
         "StackType":null,
         "ShakeType":"None",
         "Mesh":"ttrCard.obj",
         "ColorTex":"ttrRouteCard5.jpg",
         "NormalTex":"whiteblack.jpg",
         "SpecularTex":"whiteblack.jpg",
         "Mass":0.05,
         "CoMx":0,
         "CoMy":0,
         "CoMz":0,
         "Collider":{
            "Type":"Box",
            "Position":[0,0,0],
            "Rotation":[0,0,0,1],
            "HalfExtents":[1.5,0.025,2.417]
         }
      },
      {
         "Name":"ttrRouteCard6",
         "Group":"card",
         "StackType":null,
         "ShakeType":"None",
         "Mesh":"ttrCard.obj",
         "ColorTex":"ttrRouteCard6.jpg",
         "NormalTex":"whiteblack.jpg",
         "SpecularTex":"whiteblack.jpg",
         "Mass":0.05,
         "CoMx":0,
         "CoMy":0,
         "CoMz":0,
         "Collider":{
            "Type":"Box",
            "Position":[0,0,0],
            "Rotation":[0,0,0,1],
            "HalfExtents":[1.5,0.025,2.417]
         }
      },
      {
         "Name":"ttrRouteCard7",
         "Group":"card",
         "StackType":null,
         "ShakeType":"None",
         "Mesh":"ttrCard.obj",
         "ColorTex":"ttrRouteCard7.jpg",
         "NormalTex":"whiteblack.jpg",
         "SpecularTex":"whiteblack.jpg",
         "Mass":0.05,
         "CoMx":0,
         "CoMy":0,
         "CoMz":0,
         "Collider":{
            "Type":"Box",
            "Position":[0,0,0],
            "Rotation":[0,0,0,1],
            "HalfExtents":[1.5,0.025,2.417]
         }
      },
      {
         "Name":"ttrRouteCard8",
         "StackType":null,
         "ShakeType":"None",
         "Mesh":"ttrCard.obj",
         "ColorTex":"ttrRouteCard8.jpg",
         "NormalTex":"whiteblack.jpg",
         "SpecularTex":"whiteblack.jpg",
         "Mass":0.05,
         "CoMx":0,
         "CoMy":0,
         "CoMz":0,
         "Collider":{
            "Type":"Box",
            "Position":[0,0,0],
            "Rotation":[0,0,0,1],
            "HalfExtents":[1.5,0.025,2.417]
         }
      },
      {
         "Name":"ttrRouteCard9",
         "Group":"card",
         "StackType":null,
         "ShakeType":"None",
         "Mesh":"ttrCard.obj",
         "ColorTex":"ttrRouteCard9.jpg",
         "NormalTex":"whiteblack.jpg",
         "SpecularTex":"whiteblack.jpg",
         "Mass":0.05,
         "CoMx":0,
         "CoMy":0,
         "CoMz":0,
         "Collider":{
            "Type":"Box",
            "Position":[0,0,0],
            "Rotation":[0,0,0,1],
            "HalfExtents":[1.5,0.025,2.417]
         }
      },
      {
         "Name":"ttrRouteCard10",
         "Group":"card",
         "StackType":null,
         "ShakeType":"None",
         "Mesh":"ttrCard.obj",
         "ColorTex":"ttrRouteCard10.jpg",
         "NormalTex":"whiteblack.jpg",
         "SpecularTex":"whiteblack.jpg",
         "Mass":0.05,
         "CoMx":0,
         "CoMy":0,
         "CoMz":0,
         "Collider":{
            "Type":"Box",
            "Position":[0,0,0],
            "Rotation":[0,0,0,1],
            "HalfExtents":[1.5,0.025,2.417]
         }
      },
      {
         "Name":"ttrRouteCard11",
         "Group":"card",
         "StackType":null,
         "ShakeType":"None",
         "Mesh":"ttrCard.obj",
         "ColorTex":"ttrRouteCard11.jpg",
         "NormalTex":"whiteblack.jpg",
         "SpecularTex":"whiteblack.jpg",
         "Mass":0.05,
         "CoMx":0,
         "CoMy":0,
         "CoMz":0,
         "Collider":{
            "Type":"Box",
            "Position":[0,0,0],
            "Rotation":[0,0,0,1],
            "HalfExtents":[1.5,0.025,2.417]
         }
      },
      {
         "Name":"ttrRouteCard12",
         "StackType":null,
         "ShakeType":"None",
         "Mesh":"ttrCard.obj",
         "ColorTex":"ttrRouteCard12.jpg",
         "NormalTex":"whiteblack.jpg",
         "SpecularTex":"whiteblack.jpg",
         "Mass":0.05,
         "CoMx":0,
         "CoMy":0,
         "CoMz":0,
         "Collider":{
            "Type":"Box",
            "Position":[0,0,0],
            "Rotation":[0,0,0,1],
            "HalfExtents":[1.5,0.025,2.417]
         }
      },
      {
         "Name":"ttrRouteCard13",
         "Group":"card",
         "StackType":null,
         "ShakeType":"None",
         "Mesh":"ttrCard.obj",
         "ColorTex":"ttrRouteCard13.jpg",
         "NormalTex":"whiteblack.jpg",
         "SpecularTex":"whiteblack.jpg",
         "Mass":0.05,
         "CoMx":0,
         "CoMy":0,
         "CoMz":0,
         "Collider":{
            "Type":"Box",
            "Position":[0,0,0],
            "Rotation":[0,0,0,1],
            "HalfExtents":[1.5,0.025,2.417]
         }
      },
      {
         "Name":"ttrRouteCard14",
         "Group":"card",
         "StackType":null,
         "ShakeType":"None",
         "Mesh":"ttrCard.obj",
         "ColorTex":"ttrRouteCard14.jpg",
         "NormalTex":"whiteblack.jpg",
         "SpecularTex":"whiteblack.jpg",
         "Mass":0.05,
         "CoMx":0,
         "CoMy":0,
         "CoMz":0,
         "Collider":{
            "Type":"Box",
            "Position":[0,0,0],
            "Rotation":[0,0,0,1],
            "HalfExtents":[1.5,0.025,2.417]
         }
      },
      {
         "Name":"ttrRouteCard15",
         "Group":"card",
         "StackType":null,
         "ShakeType":"None",
         "Mesh":"ttrCard.obj",
         "ColorTex":"ttrRouteCard15.jpg",
         "NormalTex":"whiteblack.jpg",
         "SpecularTex":"whiteblack.jpg",
         "Mass":0.05,
         "CoMx":0,
         "CoMy":0,
         "CoMz":0,
         "Collider":{
            "Type":"Box",
            "Position":[0,0,0],
            "Rotation":[0,0,0,1],
            "HalfExtents":[1.5,0.025,2.417]
         }
      },
      {
         "Name":"ttrRouteCard16",
         "Group":"card",
         "StackType":null,
         "ShakeType":"None",
         "Mesh":"ttrCard.obj",
         "ColorTex":"ttrRouteCard16.jpg",
         "NormalTex":"whiteblack.jpg",
         "SpecularTex":"whiteblack.jpg",
         "Mass":0.05,
         "CoMx":0,
         "CoMy":0,
         "CoMz":0,
         "Collider":{
            "Type":"Box",
            "Position":[0,0,0],
            "Rotation":[0,0,0,1],
            "HalfExtents":[1.5,0.025,2.417]
         }
      },
      {
         "Name":"ttrRouteCard17",
         "Group":"card",
         "StackType":null,
         "ShakeType":"None",
         "Mesh":"ttrCard.obj",
         "ColorTex":"ttrRouteCard17.jpg",
         "NormalTex":"whiteblack.jpg",
         "SpecularTex":"whiteblack.jpg",
         "Mass":0.05,
         "CoMx":0,
         "CoMy":0,
         "CoMz":0,
         "Collider":{
            "Type":"Box",
            "Position":[0,0,0],
            "Rotation":[0,0,0,1],
            "HalfExtents":[1.5,0.025,2.417]
         }
      },
      {
         "Name":"ttrRouteCard18",
         "Group":"card",
         "StackType":null,
         "ShakeType":"None",
         "Mesh":"ttrCard.obj",
         "ColorTex":"ttrRouteCard18.jpg",
         "NormalTex":"whiteblack.jpg",
         "SpecularTex":"whiteblack.jpg",
         "Mass":0.05,
         "CoMx":0,
         "CoMy":0,
         "CoMz":0,
         "Collider":{
            "Type":"Box",
            "Position":[0,0,0],
            "Rotation":[0,0,0,1],
            "HalfExtents":[1.5,0.025,2.417]
         }
      },
      {
         "Name":"ttrRouteCard19",
         "Group":"card",
         "StackType":null,
         "ShakeType":"None",
         "Mesh":"ttrCard.obj",
         "ColorTex":"ttrRouteCard19.jpg",
         "NormalTex":"whiteblack.jpg",
         "SpecularTex":"whiteblack.jpg",
         "Mass":0.05,
         "CoMx":0,
         "CoMy":0,
         "CoMz":0,
         "Collider":{
            "Type":"Box",
            "Position":[0,0,0],
            "Rotation":[0,0,0,1],
            "HalfExtents":[1.5,0.025,2.417]
         }
      },
      {
         "Name":"ttrRouteCard20",
         "Group":"card",
         "StackType":null,
         "ShakeType":"None",
         "Mesh":"ttrCard.obj",
         "ColorTex":"ttrRouteCard20.jpg",
         "NormalTex":"whiteblack.jpg",
         "SpecularTex":"whiteblack.jpg",
         "Mass":0.05,
         "CoMx":0,
         "CoMy":0,
         "CoMz":0,
         "Collider":{
            "Type":"Box",
            "Position":[0,0,0],
            "Rotation":[0,0,0,1],
            "HalfExtents":[1.5,0.025,2.417]
         }
      },
      {
         "Name":"ttrRouteCard21",
         "Group":"card",
         "StackType":null,
         "ShakeType":"None",
         "Mesh":"ttrCard.obj",
         "ColorTex":"ttrRouteCard21.jpg",
         "NormalTex":"whiteblack.jpg",
         "SpecularTex":"whiteblack.jpg",
         "Mass":0.05,
         "CoMx":0,
         "CoMy":0,
         "CoMz":0,
         "Collider":{
            "Type":"Box",
            "Position":[0,0,0],
            "Rotation":[0,0,0,1],
            "HalfExtents":[1.5,0.025,2.417]
         }
      },
      {
         "Name":"ttrRouteCard22",
         "Group":"card",
         "StackType":null,
         "ShakeType":"None",
         "Mesh":"ttrCard.obj",
         "ColorTex":"ttrRouteCard22.jpg",
         "NormalTex":"whiteblack.jpg",
         "SpecularTex":"whiteblack.jpg",
         "Mass":0.05,
         "CoMx":0,
         "CoMy":0,
         "CoMz":0,
         "Collider":{
            "Type":"Box",
            "Position":[0,0,0],
            "Rotation":[0,0,0,1],
            "HalfExtents":[1.5,0.025,2.417]
         }
      },
      {
         "Name":"ttrRouteCard23",
         "Group":"card",
         "StackType":null,
         "ShakeType":"None",
         "Mesh":"ttrCard.obj",
         "ColorTex":"ttrRouteCard23.jpg",
         "NormalTex":"whiteblack.jpg",
         "SpecularTex":"whiteblack.jpg",
         "Mass":0.05,
         "CoMx":0,
         "CoMy":0,
         "CoMz":0,
         "Collider":{
            "Type":"Box",
            "Position":[0,0,0],
            "Rotation":[0,0,0,1],
            "HalfExtents":[1.5,0.025,2.417]
         }
      },
      {
         "Name":"ttrRouteCard24",
         "Group":"card",
         "StackType":null,
         "ShakeType":"None",
         "Mesh":"ttrCard.obj",
         "ColorTex":"ttrRouteCard24.jpg",
         "NormalTex":"whiteblack.jpg",
         "SpecularTex":"whiteblack.jpg",
         "Mass":0.05,
         "CoMx":0,
         "CoMy":0,
         "CoMz":0,
         "Collider":{
            "Type":"Box",
            "Position":[0,0,0],
            "Rotation":[0,0,0,1],
            "HalfExtents":[1.5,0.025,2.417]
         }
      },
      {
         "Name":"ttrRouteCard25",
         "Group":"card",
         "StackType":null,
         "ShakeType":"None",
         "Mesh":"ttrCard.obj",
         "ColorTex":"ttrRouteCard25.jpg",
         "NormalTex":"whiteblack.jpg",
         "SpecularTex":"whiteblack.jpg",
         "Mass":0.05,
         "CoMx":0,
         "CoMy":0,
         "CoMz":0,
         "Collider":{
            "Type":"Box",
            "Position":[0,0,0],
            "Rotation":[0,0,0,1],
            "HalfExtents":[1.5,0.025,2.417]
         }
      },
      {
         "Name":"ttrRouteCard26",
         "Group":"card",
         "StackType":null,
         "ShakeType":"None",
         "Mesh":"ttrCard.obj",
         "ColorTex":"ttrRouteCard26.jpg",
         "NormalTex":"whiteblack.jpg",
         "SpecularTex":"whiteblack.jpg",
         "Mass":0.05,
         "CoMx":0,
         "CoMy":0,
         "CoMz":0,
         "Collider":{
            "Type":"Box",
            "Position":[0,0,0],
            "Rotation":[0,0,0,1],
            "HalfExtents":[1.5,0.025,2.417]
         }
      },
      {
         "Name":"ttrRouteCard27",
         "Group":"card",
         "StackType":null,
         "ShakeType":"None",
         "Mesh":"ttrCard.obj",
         "ColorTex":"ttrRouteCard27.jpg",
         "NormalTex":"whiteblack.jpg",
         "SpecularTex":"whiteblack.jpg",
         "Mass":0.05,
         "CoMx":0,
         "CoMy":0,
         "CoMz":0,
         "Collider":{
            "Type":"Box",
            "Position":[0,0,0],
            "Rotation":[0,0,0,1],
            "HalfExtents":[1.5,0.025,2.417]
         }
      },
      {
         "Name":"ttrRouteCard28",
         "Group":"card",
         "StackType":null,
         "ShakeType":"None",
         "Mesh":"ttrCard.obj",
         "ColorTex":"ttrRouteCard28.jpg",
         "NormalTex":"whiteblack.jpg",
         "SpecularTex":"whiteblack.jpg",
         "Mass":0.05,
         "CoMx":0,
         "CoMy":0,
         "CoMz":0,
         "Collider":{
            "Type":"Box",
            "Position":[0,0,0],
            "Rotation":[0,0,0,1],
            "HalfExtents":[1.5,0.025,2.417]
         }
      },
      {
         "Name":"ttrRouteCard29",
         "Group":"card",
         "StackType":null,
         "ShakeType":"None",
         "Mesh":"ttrCard.obj",
         "ColorTex":"ttrRouteCard29.jpg",
         "NormalTex":"whiteblack.jpg",
         "SpecularTex":"whiteblack.jpg",
         "Mass":0.05,
         "CoMx":0,
         "CoMy":0,
         "CoMz":0,
         "Collider":{
            "Type":"Box",
            "Position":[0,0,0],
            "Rotation":[0,0,0,1],
            "HalfExtents":[1.5,0.025,2.417]
         }
      },
      {
         "Name":"ttrRouteCard30",
         "Group":"card",
         "StackType":null,
         "ShakeType":"None",
         "Mesh":"ttrCard.obj",
         "ColorTex":"ttrRouteCard30.jpg",
         "NormalTex":"whiteblack.jpg",
         "SpecularTex":"whiteblack.jpg",
         "Mass":0.05,
         "CoMx":0,
         "CoMy":0,
         "CoMz":0,
         "Collider":{
            "Type":"Box",
            "Position":[0,0,0],
            "Rotation":[0,0,0,1],
            "HalfExtents":[1.5,0.025,2.417]
         }
      },
      {
         "Name":"ttrCardWhite",
         "Group":"card",
         "StackType":null,
         "ShakeType":"None",
         "Mesh":"ttrCard.obj",
         "ColorTex":"ttrCardWhite.jpg",
         "NormalTex":"whiteblack.jpg",
         "SpecularTex":"whiteblack.jpg",
         "Mass":0.05,
         "CoMx":0,
         "CoMy":0,
         "CoMz":0,
         "Collider":{
            "Type":"Box",
            "Position":[0,0,0],
            "Rotation":[0,0,0,1],
            "HalfExtents":[1.5,0.025,2.417]
         }
      },
      {
         "Name":"ttrCardBlack",
         "Group":"card",
         "StackType":null,
         "ShakeType":"None",
         "Mesh":"ttrCard.obj",
         "ColorTex":"ttrCardBlack.jpg",
         "NormalTex":"whiteblack.jpg",
         "SpecularTex":"whiteblack.jpg",
         "Mass":0.05,
         "CoMx":0,
         "CoMy":0,
         "CoMz":0,
         "Collider":{
            "Type":"Box",
            "Position":[0,0,0],
            "Rotation":[0,0,0,1],
            "HalfExtents":[1.5,0.025,2.417]
         }
      },
      {
         "Name":"ttrCardYellow",
         "Group":"card",
         "StackType":null,
         "ShakeType":"None",
         "Mesh":"ttrCard.obj",
         "ColorTex":"ttrCardYellow.jpg",
         "NormalTex":"whiteblack.jpg",
         "SpecularTex":"whiteblack.jpg",
         "Mass":0.05,
         "CoMx":0,
         "CoMy":0,
         "CoMz":0,
         "Collider":{
            "Type":"Box",
            "Position":[0,0,0],
            "Rotation":[0,0,0,1],
            "HalfExtents":[1.5,0.025,2.417]
         }
      },
      {
         "Name":"ttrCardGreen",
         "Group":"card",
         "StackType":null,
         "ShakeType":"None",
         "Mesh":"ttrCard.obj",
         "ColorTex":"ttrCardGreen.jpg",
         "NormalTex":"whiteblack.jpg",
         "SpecularTex":"whiteblack.jpg",
         "Mass":0.05,
         "CoMx":0,
         "CoMy":0,
         "CoMz":0,
         "Collider":{
            "Type":"Box",
            "Position":[0,0,0],
            "Rotation":[0,0,0,1],
            "HalfExtents":[1.5,0.025,2.417]
         }
      },
      {
         "Name":"ttrCardOrange",
         "Group":"card",
         "StackType":null,
         "ShakeType":"None",
         "Mesh":"ttrCard.obj",
         "ColorTex":"ttrCardOrange.jpg",
         "NormalTex":"whiteblack.jpg",
         "SpecularTex":"whiteblack.jpg",
         "Mass":0.05,
         "CoMx":0,
         "CoMy":0,
         "CoMz":0,
         "Collider":{
            "Type":"Box",
            "Position":[0,0,0],
            "Rotation":[0,0,0,1],
            "HalfExtents":[1.5,0.025,2.417]
         }
      },
      {
         "Name":"ttrCardBlue",
         "Group":"card",
         "StackType":null,
         "ShakeType":"None",
         "Mesh":"ttrCard.obj",
         "ColorTex":"ttrCardBlue.jpg",
         "NormalTex":"whiteblack.jpg",
         "SpecularTex":"whiteblack.jpg",
         "Mass":0.05,
         "CoMx":0,
         "CoMy":0,
         "CoMz":0,
         "Collider":{
            "Type":"Box",
            "Position":[0,0,0],
            "Rotation":[0,0,0,1],
            "HalfExtents":[1.5,0.025,2.417]
         }
      },
      {
         "Name":"ttrCardRed",
         "Group":"card",
         "StackType":null,
         "ShakeType":"None",
         "Mesh":"ttrCard.obj",
         "ColorTex":"ttrCardRed.jpg",
         "NormalTex":"whiteblack.jpg",
         "SpecularTex":"whiteblack.jpg",
         "Mass":0.05,
         "CoMx":0,
         "CoMy":0,
         "CoMz":0,
         "Collider":{
            "Type":"Box",
            "Position":[0,0,0],
            "Rotation":[0,0,0,1],
            "HalfExtents":[1.5,0.025,2.417]
         }
      },
      {
         "Name":"ttrCardPink",
         "Group":"card",
         "StackType":null,
         "ShakeType":"None",
         "Mesh":"ttrCard.obj",
         "ColorTex":"ttrCardPink.jpg",
         "NormalTex":"whiteblack.jpg",
         "SpecularTex":"whiteblack.jpg",
         "Mass":0.05,
         "CoMx":0,
         "CoMy":0,
         "CoMz":0,
         "Collider":{
            "Type":"Box",
            "Position":[0,0,0],
            "Rotation":[0,0,0,1],
            "HalfExtents":[1.5,0.025,2.417]
         }
      },
      {
         "Name":"ttrCardAll",
         "Group":"card",
         "StackType":null,
         "ShakeType":"None",
         "Mesh":"ttrCard.obj",
         "ColorTex":"ttrCardAll.jpg",
         "NormalTex":"whiteblack.jpg",
         "SpecularTex":"whiteblack.jpg",
         "Mass":0.05,
         "CoMx":0,
         "CoMy":0,
         "CoMz":0,
         "Collider":{
            "Type":"Box",
            "Position":[0,0,0],
            "Rotation":[0,0,0,1],
            "HalfExtents":[1.5,0.025,2.417]
         }
      },
      {
         "Name":"ttrTrainGreen",
         "Group":"train",
         "StackType":null,
         "ShakeType":"Spin",
         "Mesh":"ttrTrain.obj",
         "ColorTex":"green.jpg",
         "NormalTex":"green.jpg",
         "SpecularTex":"green.jpg",
         "Mass": 0.1,
         "CoMx": 0,
         "CoMy": 0,
         "CoMz": 0,
         "Collider":{
            "Type":"Box",
            "Position":[0,0,0],
            "Rotation":[0,0,0,1],
            "HalfExtents":[0.32,0.485,1.11]
         }
      },
      {
         "Name":"ttrTrainBlue",
         "Group":"train",
         "StackType":null,
         "ShakeType":"Spin",
         "Mesh":"ttrTrain.obj",
         "ColorTex":"blue.jpg",
         "NormalTex":"green.jpg",
         "SpecularTex":"green.jpg",
         "Mass": 0.1,
         "CoMx": 0,
         "CoMy": 0,
         "CoMz": 0,
         "Collider":{
            "Type":"Box",
            "Position":[0,0,0],
            "Rotation":[0,0,0,1],
            "HalfExtents":[0.32,0.485,1.11]
         }
      },
      {
         "Name":"ttrTrainBlack",
         "Group":"train",
         "StackType":null,
         "ShakeType":"Spin",
         "Mesh":"ttrTrain.obj",
         "ColorTex":"black.jpg",
         "NormalTex":"green.jpg",
         "SpecularTex":"green.jpg",
         "Mass": 0.1,
         "CoMx": 0,
         "CoMy": 0,
         "CoMz": 0,
         "Collider":{
            "Type":"Box",
            "Position":[0,0,0],
            "Rotation":[0,0,0,1],
            "HalfExtents":[0.32,0.485,1.11]
         }
      },
      {
         "Name":"ttrTrainRed",
         "Group":"train",
         "StackType":null,
         "ShakeType":"Spin",
         "Mesh":"ttrTrain.obj",
         "ColorTex":"red.jpg",
         "NormalTex":"green.jpg",
         "SpecularTex":"green.jpg",
         "Mass": 0.1,
         "CoMx": 0,
         "CoMy": 0,
         "CoMz": 0,
         "Collider":{
            "Type":"Box",
            "Position":[0,0,0],
            "Rotation":[0,0,0,1],
            "HalfExtents":[0.32,0.485,1.11]
         }
      },
      {
         "Name":"ttrTrainYellow",
         "Group":"train",
         "StackType":null,
         "ShakeType":"Spin",
         "Mesh":"ttrTrain.obj",
         "ColorTex":"yellow.jpg",
         "NormalTex":"green.jpg",
         "SpecularTex":"green.jpg",
         "Mass": 0.1,
         "CoMx": 0,
         "CoMy": 0,
         "CoMz": 0,
         "Collider":{
            "Type":"Box",
            "Position":[0,0,0],
            "Rotation":[0,0,0,1],
            "HalfExtents":[0.32,0.485,1.11]
         }
      },
      {
         "Name":"othelloToken",
         "Group":"tokens",
         "StackType":null,
         "ShakeType":"None",
         "Mesh":"othelloToken.obj",
         "ColorTex":"whiteblack.jpg",
         "NormalTex":"whiteblack.jpg",
         "SpecularTex":"whiteblack.jpg",
         "Mass": 1.0,
         "CoMx": 0,
         "CoMy": 0,
         "CoMz": 0,
         "Collider":{
            "Type":"Cylinder",
            "Position":[0,0,0],
            "Rotation":[0,0,0,1],
            "HalfExtents":[0.20,0.0625,0.20]
         }
      },
      {
         "Name":"othelloBoard",
         "Group":"board",
         "StackType":null,
         "ShakeType":"None",
         "Mesh":"BSGRaiderHD-v4_fixed.obj",
         "ColorTex":"felt.jpg",
         "NormalTex":"felt.jpg",
         "SpecularTex":"felt.jpg",
         "Mass": 0,
         "CoMx": 0,
         "CoMy": 0,
         "CoMz": 0,
         "Collider":{
            "Type":"Compound",
            "Position":[0.0,0.0,0.0],
            "Rotation":[0,0,0,1],
            "Colliders":[
               {
                  "Type":"Box",
                  "Position":[-2,0.03125,0],
                  "Rotation":[0,0,0,1],
                  "HalfExtents":[0.03125,0.03125,2]
               },
               {
                  "Type":"Box",
                  "Position":[-1.5,0.03125,0],
                  "Rotation":[0,0,0,1],
                  "HalfExtents":[0.03125,0.03125,2]
               },
               {
                  "Type":"Box",
                  "Position":[-1,0.03125,0],
                  "Rotation":[0,0,0,1],
                  "HalfExtents":[0.03125,0.03125,2]
               },
               {
                  "Type":"Box",
                  "Position":[-0.5,0.03125,0],
                  "Rotation":[0,0,0,1],
                  "HalfExtents":[0.03125,0.03125,2]
               },
               {
                  "Type":"Box",
                  "Position":[0,0.03125,0],
                  "Rotation":[0,0,0,1],
                  "HalfExtents":[0.03125,0.03125,2]
               },
               {
                  "Type":"Box",
                  "Position":[0.5,0.03125,0],
                  "Rotation":[0,0,0,1],
                  "HalfExtents":[0.03125,0.03125,2]
               },
               {
                  "Type":"Box",
                  "Position":[1,0.03125,0],
                  "Rotation":[0,0,0,1],
                  "HalfExtents":[0.03125,0.03125,2]
               },
               {
                  "Type":"Box",
                  "Position":[1.5,0.03125,0],
                  "Rotation":[0,0,0,1],
                  "HalfExtents":[0.03125,0.03125,2]
               },
               {
                  "Type":"Box",
                  "Position":[2,0.03125,0],
                  "Rotation":[0,0,0,1],
                  "HalfExtents":[0.03125,0.03125,2]
               },

               {
                  "Type":"Box",
                  "Position":[0,0.03125,-2],
                  "Rotation":[0,0,0,1],
                  "HalfExtents":[2,0.03125,0.03125]
               },
               {
                  "Type":"Box",
                  "Position":[0,0.03125,-1.5],
                  "Rotation":[0,0,0,1],
                  "HalfExtents":[2,0.03125,0.03125]
               },
               {
                  "Type":"Box",
                  "Position":[0,0.03125,-1],
                  "Rotation":[0,0,0,1],
                  "HalfExtents":[2,0.03125,0.03125]
               },
               {
                  "Type":"Box",
                  "Position":[0,0.03125,-0.5],
                  "Rotation":[0,0,0,1],
                  "HalfExtents":[2,0.03125,0.03125]
               },
               {
                  "Type":"Box",
                  "Position":[0,0.03125,0],
                  "Rotation":[0,0,0,1],
                  "HalfExtents":[2,0.03125,0.03125]
               },
               {
                  "Type":"Box",
                  "Position":[0,0.03125,0.5],
                  "Rotation":[0,0,0,1],
                  "HalfExtents":[2,0.03125,0.03125]
               },
               {
                  "Type":"Box",
                  "Position":[0,0.03125,1],
                  "Rotation":[0,0,0,1],
                  "HalfExtents":[2,0.03125,0.03125]
               },
               {
                  "Type":"Box",
                  "Position":[0,0.03125,1.5],
                  "Rotation":[0,0,0,1],
                  "HalfExtents":[2,0.03125,0.03125]
               },
               {
                  "Type":"Box",
                  "Position":[0,0.03125,2],
                  "Rotation":[0,0,0,1],
                  "HalfExtents":[2,0.03125,0.03125]
               }
            ]
         }
      }
   ]
}