{
	"GameName":"Bad Earth",
	"Version":0.1,
	"Entities":[
		{
			"Asset":"ttrBoard",
			"Position":[0,0,0],
			"Rotation":[0,0,0,1]
		},




		{
			"Asset":"ttrCardGreen",
			"Position":[0,0.025,0],
			"Rotation":[0,0,0,1]
		},
		{
			"Asset":"ttrCardGreen",
			"Position":[0,0.075,0],
			"Rotation":[0,0,0,1]
		},
		{
			"Asset":"ttrCardGreen",
			"Position":[0,0.125,0],
			"Rotation":[0,0,0,1]
		},
		{
			"Asset":"ttrCardGreen",
			"Position":[0,0.175,0],
			"Rotation":[0,0,0,1]
		},
		{
			"Asset":"ttrCardGreen",
			"Position":[0,0.225,0],
			"Rotation":[0,0,0,1]
		},
		{
			"Asset":"ttrCardGreen",
			"Position":[0,0.275,0],
			"Rotation":[0,0,0,1]
		},
		{
			"Asset":"ttrCardGreen",
			"Position":[0,0.325,0],
			"Rotation":[0,0,0,1]
		},
		{
			"Asset":"ttrCardGreen",
			"Position":[0,0.375,0],
			"Rotation":[0,0,0,1]
		},
		{
			"Asset":"ttrCardGreen",
			"Position":[0,0.425,0],
			"Rotation":[0,0,0,1]
		},
		{
			"Asset":"ttrCardGreen",
			"Position":[0,0.475,0],
			"Rotation":[0,0,0,1]
		},
		{
			"Asset":"ttrCardGreen",
			"Position":[0,0.525,0],
			"Rotation":[0,0,0,1]
		},
		{
			"Asset":"ttrCardGreen",
			"Position":[0,0.575,0],
			"Rotation":[0,0,0,1]
		},
		{
			"Asset":"ttrCardPink",
			"Position":[0,0.625,0],
			"Rotation":[0,0,0,1]
		},
		{
			"Asset":"ttrCardPink",
			"Position":[0,0.675,0],
			"Rotation":[0,0,0,1]
		},
		{
			"Asset":"ttrCardPink",
			"Position":[0,0.725,0],
			"Rotation":[0,0,0,1]
		},
		{
			"Asset":"ttrCardPink",
			"Position":[0,0.775,0],
			"Rotation":[0,0,0,1]
		},
		{
			"Asset":"ttrCardPink",
			"Position":[0,0.825,0],
			"Rotation":[0,0,0,1]
		},
		{
			"Asset":"ttrCardPink",
			"Position":[0,0.875,0],
			"Rotation":[0,0,0,1]
		},
		{
			"Asset":"ttrCardPink",
			"Position":[0,0.925,0],
			"Rotation":[0,0,0,1]
		},
		{
			"Asset":"ttrCardPink",
			"Position":[0,0.975,0],
			"Rotation":[0,0,0,1]
		},
		{
			"Asset":"ttrCardPink",
			"Position":[0,1.025,0],
			"Rotation":[0,0,0,1]
		},
		{
			"Asset":"ttrCardPink",
			"Position":[0,1.075,0],
			"Rotation":[0,0,0,1]
		},
		{
			"Asset":"ttrCardPink",
			"Position":[0,1.125,0],
			"Rotation":[0,0,0,1]
		},
		{
			"Asset":"ttrCardPink",
			"Position":[0,1.175,0],
			"Rotation":[0,0,0,1]
		},
		{
			"Asset":"ttrCardBlue",
			"Position":[0,1.225,0],
			"Rotation":[0,0,0,1]
		},
		{
			"Asset":"ttrCardBlue",
			"Position":[0,1.275,0],
			"Rotation":[0,0,0,1]
		},
		{
			"Asset":"ttrCardBlue",
			"Position":[0,1.325,0],
			"Rotation":[0,0,0,1]
		},
		{
			"Asset":"ttrCardBlue",
			"Position":[0,1.375,0],
			"Rotation":[0,0,0,1]
		},
		{
			"Asset":"ttrCardBlue",
			"Position":[0,1.425,0],
			"Rotation":[0,0,0,1]
		},
		{
			"Asset":"ttrCardBlue",
			"Position":[0,1.475,0],
			"Rotation":[0,0,0,1]
		},
		{
			"Asset":"ttrCardBlue",
			"Position":[0,1.525,0],
			"Rotation":[0,0,0,1]
		},
		{
			"Asset":"ttrCardBlue",
			"Position":[0,1.575,0],
			"Rotation":[0,0,0,1]
		},
		{
			"Asset":"ttrCardBlue",
			"Position":[0,1.625,0],
			"Rotation":[0,0,0,1]
		},
		{
			"Asset":"ttrCardBlue",
			"Position":[0,1.675,0],
			"Rotation":[0,0,0,1]
		},
		{
			"Asset":"ttrCardBlue",
			"Position":[0,1.725,0],
			"Rotation":[0,0,0,1]
		},
		{
			"Asset":"ttrCardBlue",
			"Position":[0,1.775,0],
			"Rotation":[0,0,0,1]
		},
		{
			"Asset":"ttrCardRed",
			"Position":[0,1.825,0],
			"Rotation":[0,0,0,1]
		},
		{
			"Asset":"ttrCardRed",
			"Position":[0,1.875,0],
			"Rotation":[0,0,0,1]
		},
		{
			"Asset":"ttrCardRed",
			"Position":[0,1.925,0],
			"Rotation":[0,0,0,1]
		},
		{
			"Asset":"ttrCardRed",
			"Position":[0,1.975,0],
			"Rotation":[0,0,0,1]
		},
		{
			"Asset":"ttrCardRed",
			"Position":[0,2.025,0],
			"Rotation":[0,0,0,1]
		},
		{
			"Asset":"ttrCardRed",
			"Position":[0,2.075,0],
			"Rotation":[0,0,0,1]
		},
		{
			"Asset":"ttrCardRed",
			"Position":[0,2.125,0],
			"Rotation":[0,0,0,1]
		},
		{
			"Asset":"ttrCardRed",
			"Position":[0,2.175,0],
			"Rotation":[0,0,0,1]
		},
		{
			"Asset":"ttrCardRed",
			"Position":[0,2.225,0],
			"Rotation":[0,0,0,1]
		},
		{
			"Asset":"ttrCardRed",
			"Position":[0,2.275,0],
			"Rotation":[0,0,0,1]
		},
		{
			"Asset":"ttrCardRed",
			"Position":[0,2.325,0],
			"Rotation":[0,0,0,1]
		},
		{
			"Asset":"ttrCardRed",
			"Position":[0,2.375,0],
			"Rotation":[0,0,0,1]
		},
		{
			"Asset":"ttrCardYellow",
			"Position":[0,2.425,0],
			"Rotation":[0,0,0,1]
		},
		{
			"Asset":"ttrCardYellow",
			"Position":[0,2.475,0],
			"Rotation":[0,0,0,1]
		},
		{
			"Asset":"ttrCardYellow",
			"Position":[0,2.525,0],
			"Rotation":[0,0,0,1]
		},
		{
			"Asset":"ttrCardYellow",
			"Position":[0,2.575,0],
			"Rotation":[0,0,0,1]
		},
		{
			"Asset":"ttrCardYellow",
			"Position":[0,2.625,0],
			"Rotation":[0,0,0,1]
		},
		{
			"Asset":"ttrCardYellow",
			"Position":[0,2.675,0],
			"Rotation":[0,0,0,1]
		},
		{
			"Asset":"ttrCardYellow",
			"Position":[0,2.725,0],
			"Rotation":[0,0,0,1]
		},
		{
			"Asset":"ttrCardYellow",
			"Position":[0,2.775,0],
			"Rotation":[0,0,0,1]
		},
		{
			"Asset":"ttrCardYellow",
			"Position":[0,2.825,0],
			"Rotation":[0,0,0,1]
		},
		{
			"Asset":"ttrCardYellow",
			"Position":[0,2.875,0],
			"Rotation":[0,0,0,1]
		},
		{
			"Asset":"ttrCardYellow",
			"Position":[0,2.925,0],
			"Rotation":[0,0,0,1]
		},
		{
			"Asset":"ttrCardYellow",
			"Position":[0,2.975,0],
			"Rotation":[0,0,0,1]
		},
		{
			"Asset":"ttrCardBlack",
			"Position":[0,3.025,0],
			"Rotation":[0,0,0,1]
		},
		{
			"Asset":"ttrCardBlack",
			"Position":[0,3.075,0],
			"Rotation":[0,0,0,1]
		},
		{
			"Asset":"ttrCardBlack",
			"Position":[0,3.125,0],
			"Rotation":[0,0,0,1]
		},
		{
			"Asset":"ttrCardBlack",
			"Position":[0,3.175,0],
			"Rotation":[0,0,0,1]
		},
		{
			"Asset":"ttrCardBlack",
			"Position":[0,3.225,0],
			"Rotation":[0,0,0,1]
		},
		{
			"Asset":"ttrCardBlack",
			"Position":[0,3.275,0],
			"Rotation":[0,0,0,1]
		},
		{
			"Asset":"ttrCardBlack",
			"Position":[0,3.325,0],
			"Rotation":[0,0,0,1]
		},
		{
			"Asset":"ttrCardBlack",
			"Position":[0,3.375,0],
			"Rotation":[0,0,0,1]
		},
		{
			"Asset":"ttrCardBlack",
			"Position":[0,3.425,0],
			"Rotation":[0,0,0,1]
		},
		{
			"Asset":"ttrCardBlack",
			"Position":[0,3.475,0],
			"Rotation":[0,0,0,1]
		},
		{
			"Asset":"ttrCardBlack",
			"Position":[0,3.525,0],
			"Rotation":[0,0,0,1]
		},
		{
			"Asset":"ttrCardBlack",
			"Position":[0,3.575,0],
			"Rotation":[0,0,0,1]
		},
		{
			"Asset":"ttrCardOrange",
			"Position":[0,3.625,0],
			"Rotation":[0,0,0,1]
		},
		{
			"Asset":"ttrCardOrange",
			"Position":[0,3.675,0],
			"Rotation":[0,0,0,1]
		},
		{
			"Asset":"ttrCardOrange",
			"Position":[0,3.725,0],
			"Rotation":[0,0,0,1]
		},
		{
			"Asset":"ttrCardOrange",
			"Position":[0,3.775,0],
			"Rotation":[0,0,0,1]
		},
		{
			"Asset":"ttrCardOrange",
			"Position":[0,3.825,0],
			"Rotation":[0,0,0,1]
		},
		{
			"Asset":"ttrCardOrange",
			"Position":[0,3.875,0],
			"Rotation":[0,0,0,1]
		},
		{
			"Asset":"ttrCardOrange",
			"Position":[0,3.925,0],
			"Rotation":[0,0,0,1]
		},
		{
			"Asset":"ttrCardOrange",
			"Position":[0,3.975,0],
			"Rotation":[0,0,0,1]
		},
		{
			"Asset":"ttrCardOrange",
			"Position":[0,4.025,0],
			"Rotation":[0,0,0,1]
		},
		{
			"Asset":"ttrCardOrange",
			"Position":[0,4.075,0],
			"Rotation":[0,0,0,1]
		},
		{
			"Asset":"ttrCardOrange",
			"Position":[0,4.125,0],
			"Rotation":[0,0,0,1]
		},
		{
			"Asset":"ttrCardOrange",
			"Position":[0,4.175,0],
			"Rotation":[0,0,0,1]
		},
		{
			"Asset":"ttrCardAll",
			"Position":[0,4.225,0],
			"Rotation":[0,0,0,1]
		},
		{
			"Asset":"ttrCardAll",
			"Position":[0,4.275,0],
			"Rotation":[0,0,0,1]
		},
		{
			"Asset":"ttrCardAll",
			"Position":[0,4.325,0],
			"Rotation":[0,0,0,1]
		},
		{
			"Asset":"ttrCardAll",
			"Position":[0,4.375,0],
			"Rotation":[0,0,0,1]
		},
		{
			"Asset":"ttrCardAll",
			"Position":[0,4.425,0],
			"Rotation":[0,0,0,1]
		},
		{
			"Asset":"ttrCardAll",
			"Position":[0,4.475,0],
			"Rotation":[0,0,0,1]
		},
		{
			"Asset":"ttrCardAll",
			"Position":[0,4.525,0],
			"Rotation":[0,0,0,1]
		},
		{
			"Asset":"ttrCardAll",
			"Position":[0,4.575,0],
			"Rotation":[0,0,0,1]
		},
		{
			"Asset":"ttrCardAll",
			"Position":[0,4.625,0],
			"Rotation":[0,0,0,1]
		},
		{
			"Asset":"ttrCardAll",
			"Position":[0,4.675,0],
			"Rotation":[0,0,0,1]
		},
		{
			"Asset":"ttrCardAll",
			"Position":[0,4.725,0],
			"Rotation":[0,0,0,1]
		},
		{
			"Asset":"ttrCardAll",
			"Position":[0,4.775,0],
			"Rotation":[0,0,0,1]
		},
		{
			"Asset":"ttrCardAll",
			"Position":[0,4.825,0],
			"Rotation":[0,0,0,1]
		},
		{
			"Asset":"ttrCardAll",
			"Position":[0,4.875,0],
			"Rotation":[0,0,0,1]
		},
		{
			"Asset":"ttrCardWhite",
			"Position":[0,4.925,0],
			"Rotation":[0,0,0,1]
		},
		{
			"Asset":"ttrCardWhite",
			"Position":[0,4.975,0],
			"Rotation":[0,0,0,1]
		},
		{
			"Asset":"ttrCardWhite",
			"Position":[0,5.025,0],
			"Rotation":[0,0,0,1]
		},
		{
			"Asset":"ttrCardWhite",
			"Position":[0,5.075,0],
			"Rotation":[0,0,0,1]
		},
		{
			"Asset":"ttrCardWhite",
			"Position":[0,5.125,0],
			"Rotation":[0,0,0,1]
		},
		{
			"Asset":"ttrCardWhite",
			"Position":[0,5.175,0],
			"Rotation":[0,0,0,1]
		},
		{
			"Asset":"ttrCardWhite",
			"Position":[0,5.225,0],
			"Rotation":[0,0,0,1]
		},
		{
			"Asset":"ttrCardWhite",
			"Position":[0,5.275,0],
			"Rotation":[0,0,0,1]
		},
		{
			"Asset":"ttrCardWhite",
			"Position":[0,5.325,0],
			"Rotation":[0,0,0,1]
		},
		{
			"Asset":"ttrCardWhite",
			"Position":[0,5.375,0],
			"Rotation":[0,0,0,1]
		},
		{
			"Asset":"ttrCardWhite",
			"Position":[0,5.425,0],
			"Rotation":[0,0,0,1]
		},
		{
			"Asset":"ttrCardWhite",
			"Position":[0,5.475,0],
			"Rotation":[0,0,0,1]
		},




		{
			"Asset":"ttrRouteCard1",
			"Position":[0,0.25,-28],
			"Rotation":[0,0,0,1]
		},
		{
			"Asset":"ttrRouteCard2",
			"Position":[0,0.75,-28],
			"Rotation":[0,0,0,1]
		},
		{
			"Asset":"ttrRouteCard3",
			"Position":[0,1.25,-28],
			"Rotation":[0,0,0,1]
		},
		{
			"Asset":"ttrRouteCard4",
			"Position":[0,1.75,-28],
			"Rotation":[0,0,0,1]
		},
		{
			"Asset":"ttrRouteCard5",
			"Position":[0,2.25,-28],
			"Rotation":[0,0,0,1]
		},
		{
			"Asset":"ttrRouteCard6",
			"Position":[0,2.75,-28],
			"Rotation":[0,0,0,1]
		},
		{
			"Asset":"ttrRouteCard7",
			"Position":[0,3.25,-28],
			"Rotation":[0,0,0,1]
		},
		{
			"Asset":"ttrRouteCard8",
			"Position":[0,3.75,-28],
			"Rotation":[0,0,0,1]
		},
		{
			"Asset":"ttrRouteCard9",
			"Position":[0,4.25,-28],
			"Rotation":[0,0,0,1]
		},
		{
			"Asset":"ttrRouteCard10",
			"Position":[0,4.75,-28],
			"Rotation":[0,0,0,1]
		},
		{
			"Asset":"ttrRouteCard11",
			"Position":[0,5.25,-28],
			"Rotation":[0,0,0,1]
		},
		{
			"Asset":"ttrRouteCard12",
			"Position":[0,5.75,-28],
			"Rotation":[0,0,0,1]
		},
		{
			"Asset":"ttrRouteCard13",
			"Position":[0,6.25,-28],
			"Rotation":[0,0,0,1]
		},
		{
			"Asset":"ttrRouteCard14",
			"Position":[0,6.75,-28],
			"Rotation":[0,0,0,1]
		},
		{
			"Asset":"ttrRouteCard15",
			"Position":[0,7.25,-28],
			"Rotation":[0,0,0,1]
		},
		{
			"Asset":"ttrRouteCard16",
			"Position":[0,7.75,-28],
			"Rotation":[0,0,0,1]
		},
		{
			"Asset":"ttrRouteCard17",
			"Position":[0,8.25,-28],
			"Rotation":[0,0,0,1]
		},
		{
			"Asset":"ttrRouteCard18",
			"Position":[0,8.75,-28],
			"Rotation":[0,0,0,1]
		},
		{
			"Asset":"ttrRouteCard19",
			"Position":[0,9.25,-28],
			"Rotation":[0,0,0,1]
		},
		{
			"Asset":"ttrRouteCard20",
			"Position":[0,9.75,-28],
			"Rotation":[0,0,0,1]
		},
		{
			"Asset":"ttrRouteCard21",
			"Position":[0,10.25,-28],
			"Rotation":[0,0,0,1]
		},
		{
			"Asset":"ttrRouteCard22",
			"Position":[0,10.75,-28],
			"Rotation":[0,0,0,1]
		},
		{
			"Asset":"ttrRouteCard23",
			"Position":[0,11.25,-28],
			"Rotation":[0,0,0,1]
		},
		{
			"Asset":"ttrRouteCard24",
			"Position":[0,11.75,-28],
			"Rotation":[0,0,0,1]
		},
		{
			"Asset":"ttrRouteCard25",
			"Position":[0,12.25,-28],
			"Rotation":[0,0,0,1]
		},
		{
			"Asset":"ttrRouteCard26",
			"Position":[0,12.75,-28],
			"Rotation":[0,0,0,1]
		},
		{
			"Asset":"ttrRouteCard27",
			"Position":[0,13.25,-28],
			"Rotation":[0,0,0,1]
		},
		{
			"Asset":"ttrRouteCard28",
			"Position":[0,13.75,-28],
			"Rotation":[0,0,0,1]
		},
		{
			"Asset":"ttrRouteCard29",
			"Position":[0,14.25,-28],
			"Rotation":[0,0,0,1]
		},
		{
			"Asset":"ttrRouteCard30",
			"Position":[0,14.75,-28],
			"Rotation":[0,0,0,1]
		},




		{
			"Asset":"ttrTrainBlack",
			"Position":[-31.6,0.5,-19.75],
			"Rotation":[0,0,0,1]
		},
		{
			"Asset":"ttrTrainBlack",
			"Position":[-31.6,0.5,-17.25],
			"Rotation":[0,0,0,1]
		},
		{
			"Asset":"ttrTrainBlack",
			"Position":[-31.6,0.5,-14.75],
			"Rotation":[0,0,0,1]
		},
		{
			"Asset":"ttrTrainBlack",
			"Position":[-30.8,0.5,-19.75],
			"Rotation":[0,0,0,1]
		},
		{
			"Asset":"ttrTrainBlack",
			"Position":[-30.8,0.5,-17.25],
			"Rotation":[0,0,0,1]
		},
		{
			"Asset":"ttrTrainBlack",
			"Position":[-30.8,0.5,-14.75],
			"Rotation":[0,0,0,1]
		},
		{
			"Asset":"ttrTrainBlack",
			"Position":[-30.0,0.5,-19.75],
			"Rotation":[0,0,0,1]
		},
		{
			"Asset":"ttrTrainBlack",
			"Position":[-30.0,0.5,-17.25],
			"Rotation":[0,0,0,1]
		},
		{
			"Asset":"ttrTrainBlack",
			"Position":[-30.0,0.5,-14.75],
			"Rotation":[0,0,0,1]
		},
		{
			"Asset":"ttrTrainBlack",
			"Position":[-29.2,0.5,-19.75],
			"Rotation":[0,0,0,1]
		},
		{
			"Asset":"ttrTrainBlack",
			"Position":[-29.2,0.5,-17.25],
			"Rotation":[0,0,0,1]
		},
		{
			"Asset":"ttrTrainBlack",
			"Position":[-29.2,0.5,-14.75],
			"Rotation":[0,0,0,1]
		},
		{
			"Asset":"ttrTrainBlack",
			"Position":[-28.4,0.5,-19.75],
			"Rotation":[0,0,0,1]
		},
		{
			"Asset":"ttrTrainBlack",
			"Position":[-28.4,0.5,-17.25],
			"Rotation":[0,0,0,1]
		},
		{
			"Asset":"ttrTrainBlack",
			"Position":[-28.4,0.5,-14.75],
			"Rotation":[0,0,0,1]
		},
		{
			"Asset":"ttrTrainBlack",
			"Position":[-27.6,0.5,-19.75],
			"Rotation":[0,0,0,1]
		},
		{
			"Asset":"ttrTrainBlack",
			"Position":[-27.6,0.5,-17.25],
			"Rotation":[0,0,0,1]
		},
		{
			"Asset":"ttrTrainBlack",
			"Position":[-27.6,0.5,-14.75],
			"Rotation":[0,0,0,1]
		},
		{
			"Asset":"ttrTrainBlack",
			"Position":[-26.8,0.5,-19.75],
			"Rotation":[0,0,0,1]
		},
		{
			"Asset":"ttrTrainBlack",
			"Position":[-26.8,0.5,-17.25],
			"Rotation":[0,0,0,1]
		},
		{
			"Asset":"ttrTrainBlack",
			"Position":[-26.8,0.5,-14.75],
			"Rotation":[0,0,0,1]
		},
		{
			"Asset":"ttrTrainBlack",
			"Position":[-26.0,0.5,-19.75],
			"Rotation":[0,0,0,1]
		},
		{
			"Asset":"ttrTrainBlack",
			"Position":[-26.0,0.5,-17.25],
			"Rotation":[0,0,0,1]
		},
		{
			"Asset":"ttrTrainBlack",
			"Position":[-26.0,0.5,-14.75],
			"Rotation":[0,0,0,1]
		},
		{
			"Asset":"ttrTrainBlack",
			"Position":[-25.2,0.5,-19.75],
			"Rotation":[0,0,0,1]
		},
		{
			"Asset":"ttrTrainBlack",
			"Position":[-25.2,0.5,-17.25],
			"Rotation":[0,0,0,1]
		},
		{
			"Asset":"ttrTrainBlack",
			"Position":[-25.2,0.5,-14.75],
			"Rotation":[0,0,0,1]
		},
		{
			"Asset":"ttrTrainBlack",
			"Position":[-24.4,0.5,-19.75],
			"Rotation":[0,0,0,1]
		},
		{
			"Asset":"ttrTrainBlack",
			"Position":[-24.4,0.5,-17.25],
			"Rotation":[0,0,0,1]
		},
		{
			"Asset":"ttrTrainBlack",
			"Position":[-24.4,0.5,-14.75],
			"Rotation":[0,0,0,1]
		},
		{
			"Asset":"ttrTrainBlack",
			"Position":[-23.6,0.5,-19.75],
			"Rotation":[0,0,0,1]
		},
		{
			"Asset":"ttrTrainBlack",
			"Position":[-23.6,0.5,-17.25],
			"Rotation":[0,0,0,1]
		},
		{
			"Asset":"ttrTrainBlack",
			"Position":[-23.6,0.5,-14.75],
			"Rotation":[0,0,0,1]
		},
		{
			"Asset":"ttrTrainBlack",
			"Position":[-22.8,0.5,-19.75],
			"Rotation":[0,0,0,1]
		},
		{
			"Asset":"ttrTrainBlack",
			"Position":[-22.8,0.5,-17.25],
			"Rotation":[0,0,0,1]
		},
		{
			"Asset":"ttrTrainBlack",
			"Position":[-22.8,0.5,-14.75],
			"Rotation":[0,0,0,1]
		},
		{
			"Asset":"ttrTrainBlack",
			"Position":[-22.0,0.5,-19.75],
			"Rotation":[0,0,0,1]
		},
		{
			"Asset":"ttrTrainBlack",
			"Position":[-22.0,0.5,-17.25],
			"Rotation":[0,0,0,1]
		},
		{
			"Asset":"ttrTrainBlack",
			"Position":[-22.0,0.5,-14.75],
			"Rotation":[0,0,0,1]
		},
		{
			"Asset":"ttrTrainBlack",
			"Position":[-21.2,0.5,-19.75],
			"Rotation":[0,0,0,1]
		},
		{
			"Asset":"ttrTrainBlack",
			"Position":[-21.2,0.5,-17.25],
			"Rotation":[0,0,0,1]
		},
		{
			"Asset":"ttrTrainBlack",
			"Position":[-21.2,0.5,-14.75],
			"Rotation":[0,0,0,1]
		},
		{
			"Asset":"ttrTrainBlack",
			"Position":[-20.4,0.5,-19.75],
			"Rotation":[0,0,0,1]
		},
		{
			"Asset":"ttrTrainBlack",
			"Position":[-20.4,0.5,-17.25],
			"Rotation":[0,0,0,1]
		},
		{
			"Asset":"ttrTrainBlack",
			"Position":[-20.4,0.5,-14.75],
			"Rotation":[0,0,0,1]
		},





		{
			"Asset":"ttrTrainGreen",
			"Position":[-18.6,0.5,-19.75],
			"Rotation":[0,0,0,1]
		},
		{
			"Asset":"ttrTrainGreen",
			"Position":[-18.6,0.5,-17.25],
			"Rotation":[0,0,0,1]
		},
		{
			"Asset":"ttrTrainGreen",
			"Position":[-18.6,0.5,-14.75],
			"Rotation":[0,0,0,1]
		},
		{
			"Asset":"ttrTrainGreen",
			"Position":[-17.8,0.5,-19.75],
			"Rotation":[0,0,0,1]
		},
		{
			"Asset":"ttrTrainGreen",
			"Position":[-17.8,0.5,-17.25],
			"Rotation":[0,0,0,1]
		},
		{
			"Asset":"ttrTrainGreen",
			"Position":[-17.8,0.5,-14.75],
			"Rotation":[0,0,0,1]
		},
		{
			"Asset":"ttrTrainGreen",
			"Position":[-17.0,0.5,-19.75],
			"Rotation":[0,0,0,1]
		},
		{
			"Asset":"ttrTrainGreen",
			"Position":[-17.0,0.5,-17.25],
			"Rotation":[0,0,0,1]
		},
		{
			"Asset":"ttrTrainGreen",
			"Position":[-17.0,0.5,-14.75],
			"Rotation":[0,0,0,1]
		},
		{
			"Asset":"ttrTrainGreen",
			"Position":[-16.2,0.5,-19.75],
			"Rotation":[0,0,0,1]
		},
		{
			"Asset":"ttrTrainGreen",
			"Position":[-16.2,0.5,-17.25],
			"Rotation":[0,0,0,1]
		},
		{
			"Asset":"ttrTrainGreen",
			"Position":[-16.2,0.5,-14.75],
			"Rotation":[0,0,0,1]
		},
		{
			"Asset":"ttrTrainGreen",
			"Position":[-15.4,0.5,-19.75],
			"Rotation":[0,0,0,1]
		},
		{
			"Asset":"ttrTrainGreen",
			"Position":[-15.4,0.5,-17.25],
			"Rotation":[0,0,0,1]
		},
		{
			"Asset":"ttrTrainGreen",
			"Position":[-15.4,0.5,-14.75],
			"Rotation":[0,0,0,1]
		},
		{
			"Asset":"ttrTrainGreen",
			"Position":[-14.6,0.5,-19.75],
			"Rotation":[0,0,0,1]
		},
		{
			"Asset":"ttrTrainGreen",
			"Position":[-14.6,0.5,-17.25],
			"Rotation":[0,0,0,1]
		},
		{
			"Asset":"ttrTrainGreen",
			"Position":[-14.6,0.5,-14.75],
			"Rotation":[0,0,0,1]
		},
		{
			"Asset":"ttrTrainGreen",
			"Position":[-13.8,0.5,-19.75],
			"Rotation":[0,0,0,1]
		},
		{
			"Asset":"ttrTrainGreen",
			"Position":[-13.8,0.5,-17.25],
			"Rotation":[0,0,0,1]
		},
		{
			"Asset":"ttrTrainGreen",
			"Position":[-13.8,0.5,-14.75],
			"Rotation":[0,0,0,1]
		},
		{
			"Asset":"ttrTrainGreen",
			"Position":[-13.0,0.5,-19.75],
			"Rotation":[0,0,0,1]
		},
		{
			"Asset":"ttrTrainGreen",
			"Position":[-13.0,0.5,-17.25],
			"Rotation":[0,0,0,1]
		},
		{
			"Asset":"ttrTrainGreen",
			"Position":[-13.0,0.5,-14.75],
			"Rotation":[0,0,0,1]
		},
		{
			"Asset":"ttrTrainGreen",
			"Position":[-12.2,0.5,-19.75],
			"Rotation":[0,0,0,1]
		},
		{
			"Asset":"ttrTrainGreen",
			"Position":[-12.2,0.5,-17.25],
			"Rotation":[0,0,0,1]
		},
		{
			"Asset":"ttrTrainGreen",
			"Position":[-12.2,0.5,-14.75],
			"Rotation":[0,0,0,1]
		},
		{
			"Asset":"ttrTrainGreen",
			"Position":[-11.4,0.5,-19.75],
			"Rotation":[0,0,0,1]
		},
		{
			"Asset":"ttrTrainGreen",
			"Position":[-11.4,0.5,-17.25],
			"Rotation":[0,0,0,1]
		},
		{
			"Asset":"ttrTrainGreen",
			"Position":[-11.4,0.5,-14.75],
			"Rotation":[0,0,0,1]
		},
		{
			"Asset":"ttrTrainGreen",
			"Position":[-10.6,0.5,-19.75],
			"Rotation":[0,0,0,1]
		},
		{
			"Asset":"ttrTrainGreen",
			"Position":[-10.6,0.5,-17.25],
			"Rotation":[0,0,0,1]
		},
		{
			"Asset":"ttrTrainGreen",
			"Position":[-10.6,0.5,-14.75],
			"Rotation":[0,0,0,1]
		},
		{
			"Asset":"ttrTrainGreen",
			"Position":[-9.8,0.5,-19.75],
			"Rotation":[0,0,0,1]
		},
		{
			"Asset":"ttrTrainGreen",
			"Position":[-9.8,0.5,-17.25],
			"Rotation":[0,0,0,1]
		},
		{
			"Asset":"ttrTrainGreen",
			"Position":[-9.8,0.5,-14.75],
			"Rotation":[0,0,0,1]
		},
		{
			"Asset":"ttrTrainGreen",
			"Position":[-9.0,0.5,-19.75],
			"Rotation":[0,0,0,1]
		},
		{
			"Asset":"ttrTrainGreen",
			"Position":[-9.0,0.5,-17.25],
			"Rotation":[0,0,0,1]
		},
		{
			"Asset":"ttrTrainGreen",
			"Position":[-9.0,0.5,-14.75],
			"Rotation":[0,0,0,1]
		},
		{
			"Asset":"ttrTrainGreen",
			"Position":[-8.2,0.5,-19.75],
			"Rotation":[0,0,0,1]
		},
		{
			"Asset":"ttrTrainGreen",
			"Position":[-8.2,0.5,-17.25],
			"Rotation":[0,0,0,1]
		},
		{
			"Asset":"ttrTrainGreen",
			"Position":[-8.2,0.5,-14.75],
			"Rotation":[0,0,0,1]
		},
		{
			"Asset":"ttrTrainGreen",
			"Position":[-7.4,0.5,-19.75],
			"Rotation":[0,0,0,1]
		},
		{
			"Asset":"ttrTrainGreen",
			"Position":[-7.4,0.5,-17.25],
			"Rotation":[0,0,0,1]
		},
		{
			"Asset":"ttrTrainGreen",
			"Position":[-7.4,0.5,-14.75],
			"Rotation":[0,0,0,1]
		},






		{
			"Asset":"ttrTrainBlue",
			"Position":[-5.6,0.5,-19.75],
			"Rotation":[0,0,0,1]
		},
		{
			"Asset":"ttrTrainBlue",
			"Position":[-5.6,0.5,-17.25],
			"Rotation":[0,0,0,1]
		},
		{
			"Asset":"ttrTrainBlue",
			"Position":[-5.6,0.5,-14.75],
			"Rotation":[0,0,0,1]
		},
		{
			"Asset":"ttrTrainBlue",
			"Position":[-4.8,0.5,-19.75],
			"Rotation":[0,0,0,1]
		},
		{
			"Asset":"ttrTrainBlue",
			"Position":[-4.8,0.5,-17.25],
			"Rotation":[0,0,0,1]
		},
		{
			"Asset":"ttrTrainBlue",
			"Position":[-4.8,0.5,-14.75],
			"Rotation":[0,0,0,1]
		},
		{
			"Asset":"ttrTrainBlue",
			"Position":[-4.0,0.5,-19.75],
			"Rotation":[0,0,0,1]
		},
		{
			"Asset":"ttrTrainBlue",
			"Position":[-4.0,0.5,-17.25],
			"Rotation":[0,0,0,1]
		},
		{
			"Asset":"ttrTrainBlue",
			"Position":[-4.0,0.5,-14.75],
			"Rotation":[0,0,0,1]
		},
		{
			"Asset":"ttrTrainBlue",
			"Position":[-3.2,0.5,-19.75],
			"Rotation":[0,0,0,1]
		},
		{
			"Asset":"ttrTrainBlue",
			"Position":[-3.2,0.5,-17.25],
			"Rotation":[0,0,0,1]
		},
		{
			"Asset":"ttrTrainBlue",
			"Position":[-3.2,0.5,-14.75],
			"Rotation":[0,0,0,1]
		},
		{
			"Asset":"ttrTrainBlue",
			"Position":[-2.4,0.5,-19.75],
			"Rotation":[0,0,0,1]
		},
		{
			"Asset":"ttrTrainBlue",
			"Position":[-2.4,0.5,-17.25],
			"Rotation":[0,0,0,1]
		},
		{
			"Asset":"ttrTrainBlue",
			"Position":[-2.4,0.5,-14.75],
			"Rotation":[0,0,0,1]
		},
		{
			"Asset":"ttrTrainBlue",
			"Position":[-1.6,0.5,-19.75],
			"Rotation":[0,0,0,1]
		},
		{
			"Asset":"ttrTrainBlue",
			"Position":[-1.6,0.5,-17.25],
			"Rotation":[0,0,0,1]
		},
		{
			"Asset":"ttrTrainBlue",
			"Position":[-1.6,0.5,-14.75],
			"Rotation":[0,0,0,1]
		},
		{
			"Asset":"ttrTrainBlue",
			"Position":[-0.8,0.5,-19.75],
			"Rotation":[0,0,0,1]
		},
		{
			"Asset":"ttrTrainBlue",
			"Position":[-0.8,0.5,-17.25],
			"Rotation":[0,0,0,1]
		},
		{
			"Asset":"ttrTrainBlue",
			"Position":[-0.8,0.5,-14.75],
			"Rotation":[0,0,0,1]
		},
		{
			"Asset":"ttrTrainBlue",
			"Position":[0.0,0.5,-19.75],
			"Rotation":[0,0,0,1]
		},
		{
			"Asset":"ttrTrainBlue",
			"Position":[0.0,0.5,-17.25],
			"Rotation":[0,0,0,1]
		},
		{
			"Asset":"ttrTrainBlue",
			"Position":[0.0,0.5,-14.75],
			"Rotation":[0,0,0,1]
		},
		{
			"Asset":"ttrTrainBlue",
			"Position":[0.8,0.5,-19.75],
			"Rotation":[0,0,0,1]
		},
		{
			"Asset":"ttrTrainBlue",
			"Position":[0.8,0.5,-17.25],
			"Rotation":[0,0,0,1]
		},
		{
			"Asset":"ttrTrainBlue",
			"Position":[0.8,0.5,-14.75],
			"Rotation":[0,0,0,1]
		},
		{
			"Asset":"ttrTrainBlue",
			"Position":[1.6,0.5,-19.75],
			"Rotation":[0,0,0,1]
		},
		{
			"Asset":"ttrTrainBlue",
			"Position":[1.6,0.5,-17.25],
			"Rotation":[0,0,0,1]
		},
		{
			"Asset":"ttrTrainBlue",
			"Position":[1.6,0.5,-14.75],
			"Rotation":[0,0,0,1]
		},
		{
			"Asset":"ttrTrainBlue",
			"Position":[2.4,0.5,-19.75],
			"Rotation":[0,0,0,1]
		},
		{
			"Asset":"ttrTrainBlue",
			"Position":[2.4,0.5,-17.25],
			"Rotation":[0,0,0,1]
		},
		{
			"Asset":"ttrTrainBlue",
			"Position":[2.4,0.5,-14.75],
			"Rotation":[0,0,0,1]
		},
		{
			"Asset":"ttrTrainBlue",
			"Position":[3.2,0.5,-19.75],
			"Rotation":[0,0,0,1]
		},
		{
			"Asset":"ttrTrainBlue",
			"Position":[3.2,0.5,-17.25],
			"Rotation":[0,0,0,1]
		},
		{
			"Asset":"ttrTrainBlue",
			"Position":[3.2,0.5,-14.75],
			"Rotation":[0,0,0,1]
		},
		{
			"Asset":"ttrTrainBlue",
			"Position":[4.0,0.5,-19.75],
			"Rotation":[0,0,0,1]
		},
		{
			"Asset":"ttrTrainBlue",
			"Position":[4.0,0.5,-17.25],
			"Rotation":[0,0,0,1]
		},
		{
			"Asset":"ttrTrainBlue",
			"Position":[4.0,0.5,-14.75],
			"Rotation":[0,0,0,1]
		},
		{
			"Asset":"ttrTrainBlue",
			"Position":[4.8,0.5,-19.75],
			"Rotation":[0,0,0,1]
		},
		{
			"Asset":"ttrTrainBlue",
			"Position":[4.8,0.5,-17.25],
			"Rotation":[0,0,0,1]
		},
		{
			"Asset":"ttrTrainBlue",
			"Position":[4.8,0.5,-14.75],
			"Rotation":[0,0,0,1]
		},
		{
			"Asset":"ttrTrainBlue",
			"Position":[5.6,0.5,-19.75],
			"Rotation":[0,0,0,1]
		},
		{
			"Asset":"ttrTrainBlue",
			"Position":[5.6,0.5,-17.25],
			"Rotation":[0,0,0,1]
		},
		{
			"Asset":"ttrTrainBlue",
			"Position":[5.6,0.5,-14.75],
			"Rotation":[0,0,0,1]
		},




		{
			"Asset":"ttrTrainYellow",
			"Position":[7.4,0.5,-19.75],
			"Rotation":[0,0,0,1]
		},
		{
			"Asset":"ttrTrainYellow",
			"Position":[7.4,0.5,-17.25],
			"Rotation":[0,0,0,1]
		},
		{
			"Asset":"ttrTrainYellow",
			"Position":[7.4,0.5,-14.75],
			"Rotation":[0,0,0,1]
		},
		{
			"Asset":"ttrTrainYellow",
			"Position":[8.2,0.5,-19.75],
			"Rotation":[0,0,0,1]
		},
		{
			"Asset":"ttrTrainYellow",
			"Position":[8.2,0.5,-17.25],
			"Rotation":[0,0,0,1]
		},
		{
			"Asset":"ttrTrainYellow",
			"Position":[8.2,0.5,-14.75],
			"Rotation":[0,0,0,1]
		},
		{
			"Asset":"ttrTrainYellow",
			"Position":[9.0,0.5,-19.75],
			"Rotation":[0,0,0,1]
		},
		{
			"Asset":"ttrTrainYellow",
			"Position":[9.0,0.5,-17.25],
			"Rotation":[0,0,0,1]
		},
		{
			"Asset":"ttrTrainYellow",
			"Position":[9.0,0.5,-14.75],
			"Rotation":[0,0,0,1]
		},
		{
			"Asset":"ttrTrainYellow",
			"Position":[9.8,0.5,-19.75],
			"Rotation":[0,0,0,1]
		},
		{
			"Asset":"ttrTrainYellow",
			"Position":[9.8,0.5,-17.25],
			"Rotation":[0,0,0,1]
		},
		{
			"Asset":"ttrTrainYellow",
			"Position":[9.8,0.5,-14.75],
			"Rotation":[0,0,0,1]
		},
		{
			"Asset":"ttrTrainYellow",
			"Position":[10.6,0.5,-19.75],
			"Rotation":[0,0,0,1]
		},
		{
			"Asset":"ttrTrainYellow",
			"Position":[10.6,0.5,-17.25],
			"Rotation":[0,0,0,1]
		},
		{
			"Asset":"ttrTrainYellow",
			"Position":[10.6,0.5,-14.75],
			"Rotation":[0,0,0,1]
		},
		{
			"Asset":"ttrTrainYellow",
			"Position":[11.4,0.5,-19.75],
			"Rotation":[0,0,0,1]
		},
		{
			"Asset":"ttrTrainYellow",
			"Position":[11.4,0.5,-17.25],
			"Rotation":[0,0,0,1]
		},
		{
			"Asset":"ttrTrainYellow",
			"Position":[11.4,0.5,-14.75],
			"Rotation":[0,0,0,1]
		},
		{
			"Asset":"ttrTrainYellow",
			"Position":[12.2,0.5,-19.75],
			"Rotation":[0,0,0,1]
		},
		{
			"Asset":"ttrTrainYellow",
			"Position":[12.2,0.5,-17.25],
			"Rotation":[0,0,0,1]
		},
		{
			"Asset":"ttrTrainYellow",
			"Position":[12.2,0.5,-14.75],
			"Rotation":[0,0,0,1]
		},
		{
			"Asset":"ttrTrainYellow",
			"Position":[13.0,0.5,-19.75],
			"Rotation":[0,0,0,1]
		},
		{
			"Asset":"ttrTrainYellow",
			"Position":[13.0,0.5,-17.25],
			"Rotation":[0,0,0,1]
		},
		{
			"Asset":"ttrTrainYellow",
			"Position":[13.0,0.5,-14.75],
			"Rotation":[0,0,0,1]
		},
		{
			"Asset":"ttrTrainYellow",
			"Position":[13.8,0.5,-19.75],
			"Rotation":[0,0,0,1]
		},
		{
			"Asset":"ttrTrainYellow",
			"Position":[13.8,0.5,-17.25],
			"Rotation":[0,0,0,1]
		},
		{
			"Asset":"ttrTrainYellow",
			"Position":[13.8,0.5,-14.75],
			"Rotation":[0,0,0,1]
		},
		{
			"Asset":"ttrTrainYellow",
			"Position":[14.6,0.5,-19.75],
			"Rotation":[0,0,0,1]
		},
		{
			"Asset":"ttrTrainYellow",
			"Position":[14.6,0.5,-17.25],
			"Rotation":[0,0,0,1]
		},
		{
			"Asset":"ttrTrainYellow",
			"Position":[14.6,0.5,-14.75],
			"Rotation":[0,0,0,1]
		},
		{
			"Asset":"ttrTrainYellow",
			"Position":[15.4,0.5,-19.75],
			"Rotation":[0,0,0,1]
		},
		{
			"Asset":"ttrTrainYellow",
			"Position":[15.4,0.5,-17.25],
			"Rotation":[0,0,0,1]
		},
		{
			"Asset":"ttrTrainYellow",
			"Position":[15.4,0.5,-14.75],
			"Rotation":[0,0,0,1]
		},
		{
			"Asset":"ttrTrainYellow",
			"Position":[16.2,0.5,-19.75],
			"Rotation":[0,0,0,1]
		},
		{
			"Asset":"ttrTrainYellow",
			"Position":[16.2,0.5,-17.25],
			"Rotation":[0,0,0,1]
		},
		{
			"Asset":"ttrTrainYellow",
			"Position":[16.2,0.5,-14.75],
			"Rotation":[0,0,0,1]
		},
		{
			"Asset":"ttrTrainYellow",
			"Position":[17.0,0.5,-19.75],
			"Rotation":[0,0,0,1]
		},
		{
			"Asset":"ttrTrainYellow",
			"Position":[17.0,0.5,-17.25],
			"Rotation":[0,0,0,1]
		},
		{
			"Asset":"ttrTrainYellow",
			"Position":[17.0,0.5,-14.75],
			"Rotation":[0,0,0,1]
		},
		{
			"Asset":"ttrTrainYellow",
			"Position":[17.8,0.5,-19.75],
			"Rotation":[0,0,0,1]
		},
		{
			"Asset":"ttrTrainYellow",
			"Position":[17.8,0.5,-17.25],
			"Rotation":[0,0,0,1]
		},
		{
			"Asset":"ttrTrainYellow",
			"Position":[17.8,0.5,-14.75],
			"Rotation":[0,0,0,1]
		},
		{
			"Asset":"ttrTrainYellow",
			"Position":[18.6,0.5,-19.75],
			"Rotation":[0,0,0,1]
		},
		{
			"Asset":"ttrTrainYellow",
			"Position":[18.6,0.5,-17.25],
			"Rotation":[0,0,0,1]
		},
		{
			"Asset":"ttrTrainYellow",
			"Position":[18.6,0.5,-14.75],
			"Rotation":[0,0,0,1]
		},





		{
			"Asset":"ttrTrainRed",
			"Position":[20.4,0.5,-19.75],
			"Rotation":[0,0,0,1]
		},
		{
			"Asset":"ttrTrainRed",
			"Position":[20.4,0.5,-17.25],
			"Rotation":[0,0,0,1]
		},
		{
			"Asset":"ttrTrainRed",
			"Position":[20.4,0.5,-14.75],
			"Rotation":[0,0,0,1]
		},
		{
			"Asset":"ttrTrainRed",
			"Position":[21.2,0.5,-19.75],
			"Rotation":[0,0,0,1]
		},
		{
			"Asset":"ttrTrainRed",
			"Position":[21.2,0.5,-17.25],
			"Rotation":[0,0,0,1]
		},
		{
			"Asset":"ttrTrainRed",
			"Position":[21.2,0.5,-14.75],
			"Rotation":[0,0,0,1]
		},
		{
			"Asset":"ttrTrainRed",
			"Position":[22.0,0.5,-19.75],
			"Rotation":[0,0,0,1]
		},
		{
			"Asset":"ttrTrainRed",
			"Position":[22.0,0.5,-17.25],
			"Rotation":[0,0,0,1]
		},
		{
			"Asset":"ttrTrainRed",
			"Position":[22.0,0.5,-14.75],
			"Rotation":[0,0,0,1]
		},
		{
			"Asset":"ttrTrainRed",
			"Position":[22.8,0.5,-19.75],
			"Rotation":[0,0,0,1]
		},
		{
			"Asset":"ttrTrainRed",
			"Position":[22.8,0.5,-17.25],
			"Rotation":[0,0,0,1]
		},
		{
			"Asset":"ttrTrainRed",
			"Position":[22.8,0.5,-14.75],
			"Rotation":[0,0,0,1]
		},
		{
			"Asset":"ttrTrainRed",
			"Position":[23.6,0.5,-19.75],
			"Rotation":[0,0,0,1]
		},
		{
			"Asset":"ttrTrainRed",
			"Position":[23.6,0.5,-17.25],
			"Rotation":[0,0,0,1]
		},
		{
			"Asset":"ttrTrainRed",
			"Position":[23.6,0.5,-14.75],
			"Rotation":[0,0,0,1]
		},
		{
			"Asset":"ttrTrainRed",
			"Position":[24.4,0.5,-19.75],
			"Rotation":[0,0,0,1]
		},
		{
			"Asset":"ttrTrainRed",
			"Position":[24.4,0.5,-17.25],
			"Rotation":[0,0,0,1]
		},
		{
			"Asset":"ttrTrainRed",
			"Position":[24.4,0.5,-14.75],
			"Rotation":[0,0,0,1]
		},
		{
			"Asset":"ttrTrainRed",
			"Position":[25.2,0.5,-19.75],
			"Rotation":[0,0,0,1]
		},
		{
			"Asset":"ttrTrainRed",
			"Position":[25.2,0.5,-17.25],
			"Rotation":[0,0,0,1]
		},
		{
			"Asset":"ttrTrainRed",
			"Position":[25.2,0.5,-14.75],
			"Rotation":[0,0,0,1]
		},
		{
			"Asset":"ttrTrainRed",
			"Position":[26.0,0.5,-19.75],
			"Rotation":[0,0,0,1]
		},
		{
			"Asset":"ttrTrainRed",
			"Position":[26.0,0.5,-17.25],
			"Rotation":[0,0,0,1]
		},
		{
			"Asset":"ttrTrainRed",
			"Position":[26.0,0.5,-14.75],
			"Rotation":[0,0,0,1]
		},
		{
			"Asset":"ttrTrainRed",
			"Position":[26.8,0.5,-19.75],
			"Rotation":[0,0,0,1]
		},
		{
			"Asset":"ttrTrainRed",
			"Position":[26.8,0.5,-17.25],
			"Rotation":[0,0,0,1]
		},
		{
			"Asset":"ttrTrainRed",
			"Position":[26.8,0.5,-14.75],
			"Rotation":[0,0,0,1]
		},
		{
			"Asset":"ttrTrainRed",
			"Position":[27.6,0.5,-19.75],
			"Rotation":[0,0,0,1]
		},
		{
			"Asset":"ttrTrainRed",
			"Position":[27.6,0.5,-17.25],
			"Rotation":[0,0,0,1]
		},
		{
			"Asset":"ttrTrainRed",
			"Position":[27.6,0.5,-14.75],
			"Rotation":[0,0,0,1]
		},
		{
			"Asset":"ttrTrainRed",
			"Position":[28.4,0.5,-19.75],
			"Rotation":[0,0,0,1]
		},
		{
			"Asset":"ttrTrainRed",
			"Position":[28.4,0.5,-17.25],
			"Rotation":[0,0,0,1]
		},
		{
			"Asset":"ttrTrainRed",
			"Position":[28.4,0.5,-14.75],
			"Rotation":[0,0,0,1]
		},
		{
			"Asset":"ttrTrainRed",
			"Position":[29.2,0.5,-19.75],
			"Rotation":[0,0,0,1]
		},
		{
			"Asset":"ttrTrainRed",
			"Position":[29.2,0.5,-17.25],
			"Rotation":[0,0,0,1]
		},
		{
			"Asset":"ttrTrainRed",
			"Position":[29.2,0.5,-14.75],
			"Rotation":[0,0,0,1]
		},
		{
			"Asset":"ttrTrainRed",
			"Position":[30.0,0.5,-19.75],
			"Rotation":[0,0,0,1]
		},
		{
			"Asset":"ttrTrainRed",
			"Position":[30.0,0.5,-17.25],
			"Rotation":[0,0,0,1]
		},
		{
			"Asset":"ttrTrainRed",
			"Position":[30.0,0.5,-14.75],
			"Rotation":[0,0,0,1]
		},
		{
			"Asset":"ttrTrainRed",
			"Position":[30.8,0.5,-19.75],
			"Rotation":[0,0,0,1]
		},
		{
			"Asset":"ttrTrainRed",
			"Position":[30.8,0.5,-17.25],
			"Rotation":[0,0,0,1]
		},
		{
			"Asset":"ttrTrainRed",
			"Position":[30.8,0.5,-14.75],
			"Rotation":[0,0,0,1]
		},
		{
			"Asset":"ttrTrainRed",
			"Position":[31.6,0.5,-19.75],
			"Rotation":[0,0,0,1]
		},
		{
			"Asset":"ttrTrainRed",
			"Position":[31.6,0.5,-17.25],
			"Rotation":[0,0,0,1]
		},
		{
			"Asset":"ttrTrainRed",
			"Position":[31.6,0.5,-14.75],
			"Rotation":[0,0,0,1]
		}
	]
}