{
	"GameName":"Bad Earth",
	"Version":0.1,
	"Entities":[
		{
			"Asset":"othelloBoard",
			"Position":[0,0,0],
			"Rotation":[0,0,0,1]
		},
		{
			"Asset":"othelloToken",
			"Position":[-1.75,0.125,-1.75],
			"Rotation":[0,0,0,1]
		},
		{
			"Asset":"othelloToken",
			"Position":[-1.75,0.125,-1.25],
			"Rotation":[0,0,0,1]
		},
		{
			"Asset":"othelloToken",
			"Position":[-1.75,0.125,-0.75],
			"Rotation":[0,0,0,1]
		},
		{
			"Asset":"othelloToken",
			"Position":[-1.75,0.125,-0.25],
			"Rotation":[0,0,0,1]
		},
		{
			"Asset":"othelloToken",
			"Position":[-1.75,0.125,0.25],
			"Rotation":[0,0,0,1]
		},
		{
			"Asset":"othelloToken",
			"Position":[-1.75,0.125,0.75],
			"Rotation":[0,0,0,1]
		},
		{
			"Asset":"othelloToken",
			"Position":[-1.75,0.125,1.25],
			"Rotation":[0,0,0,1]
		},
		{
			"Asset":"othelloToken",
			"Position":[-1.75,0.125,1.75],
			"Rotation":[0,0,0,1]
		},
		{
			"Asset":"othelloToken",
			"Position":[-1.25,0.125,-1.75],
			"Rotation":[0,0,0,1]
		},
		{
			"Asset":"othelloToken",
			"Position":[-1.25,0.125,-1.25],
			"Rotation":[0,0,0,1]
		},
		{
			"Asset":"othelloToken",
			"Position":[-1.25,0.125,-0.75],
			"Rotation":[0,0,0,1]
		},
		{
			"Asset":"othelloToken",
			"Position":[-1.25,0.125,-0.25],
			"Rotation":[0,0,0,1]
		},
		{
			"Asset":"othelloToken",
			"Position":[-1.25,0.125,0.25],
			"Rotation":[0,0,0,1]
		},
		{
			"Asset":"othelloToken",
			"Position":[-1.25,0.125,0.75],
			"Rotation":[0,0,0,1]
		},
		{
			"Asset":"othelloToken",
			"Position":[-1.25,0.125,1.25],
			"Rotation":[0,0,0,1]
		},
		{
			"Asset":"othelloToken",
			"Position":[-1.25,0.125,1.75],
			"Rotation":[0,0,0,1]
		},
		{
			"Asset":"othelloToken",
			"Position":[-0.75,0.125,-1.75],
			"Rotation":[0,0,0,1]
		},
		{
			"Asset":"othelloToken",
			"Position":[-0.75,0.125,-1.25],
			"Rotation":[0,0,0,1]
		},
		{
			"Asset":"othelloToken",
			"Position":[-0.75,0.125,-0.75],
			"Rotation":[0,0,0,1]
		},
		{
			"Asset":"othelloToken",
			"Position":[-0.75,0.125,-0.25],
			"Rotation":[0,0,0,1]
		},
		{
			"Asset":"othelloToken",
			"Position":[-0.75,0.125,0.25],
			"Rotation":[0,0,0,1]
		},
		{
			"Asset":"othelloToken",
			"Position":[-0.75,0.125,0.75],
			"Rotation":[0,0,0,1]
		},
		{
			"Asset":"othelloToken",
			"Position":[-0.75,0.125,1.25],
			"Rotation":[0,0,0,1]
		},
		{
			"Asset":"othelloToken",
			"Position":[-0.75,0.125,1.75],
			"Rotation":[0,0,0,1]
		},
		{
			"Asset":"othelloToken",
			"Position":[-0.25,0.125,-1.75],
			"Rotation":[0,0,0,1]
		},
		{
			"Asset":"othelloToken",
			"Position":[-0.25,0.125,-1.25],
			"Rotation":[0,0,0,1]
		},
		{
			"Asset":"othelloToken",
			"Position":[-0.25,0.125,-0.75],
			"Rotation":[0,0,0,1]
		},
		{
			"Asset":"othelloToken",
			"Position":[-0.25,0.125,-0.25],
			"Rotation":[0,0,0,1]
		},
		{
			"Asset":"othelloToken",
			"Position":[-0.25,0.125,0.25],
			"Rotation":[0,0,0,1]
		},
		{
			"Asset":"othelloToken",
			"Position":[-0.25,0.125,0.75],
			"Rotation":[0,0,0,1]
		},
		{
			"Asset":"othelloToken",
			"Position":[-0.25,0.125,1.25],
			"Rotation":[0,0,0,1]
		},
		{
			"Asset":"othelloToken",
			"Position":[-0.25,0.125,1.75],
			"Rotation":[0,0,0,1]
		},
		{
			"Asset":"othelloToken",
			"Position":[0.25,0.125,-1.75],
			"Rotation":[0,0,0,1]
		},
		{
			"Asset":"othelloToken",
			"Position":[0.25,0.125,-1.25],
			"Rotation":[0,0,0,1]
		},
		{
			"Asset":"othelloToken",
			"Position":[0.25,0.125,-0.75],
			"Rotation":[0,0,0,1]
		},
		{
			"Asset":"othelloToken",
			"Position":[0.25,0.125,-0.25],
			"Rotation":[0,0,0,1]
		},
		{
			"Asset":"othelloToken",
			"Position":[0.25,0.125,0.25],
			"Rotation":[0,0,0,1]
		},
		{
			"Asset":"othelloToken",
			"Position":[0.25,0.125,0.75],
			"Rotation":[0,0,0,1]
		},
		{
			"Asset":"othelloToken",
			"Position":[0.25,0.125,1.25],
			"Rotation":[0,0,0,1]
		},
		{
			"Asset":"othelloToken",
			"Position":[0.25,0.125,1.75],
			"Rotation":[0,0,0,1]
		},
		{
			"Asset":"othelloToken",
			"Position":[0.75,0.125,-1.75],
			"Rotation":[0,0,0,1]
		},
		{
			"Asset":"othelloToken",
			"Position":[0.75,0.125,-1.25],
			"Rotation":[0,0,0,1]
		},
		{
			"Asset":"othelloToken",
			"Position":[0.75,0.125,-0.75],
			"Rotation":[0,0,0,1]
		},
		{
			"Asset":"othelloToken",
			"Position":[0.75,0.125,-0.25],
			"Rotation":[0,0,0,1]
		},
		{
			"Asset":"othelloToken",
			"Position":[0.75,0.125,0.25],
			"Rotation":[0,0,0,1]
		},
		{
			"Asset":"othelloToken",
			"Position":[0.75,0.125,0.75],
			"Rotation":[0,0,0,1]
		},
		{
			"Asset":"othelloToken",
			"Position":[0.75,0.125,1.25],
			"Rotation":[0,0,0,1]
		},
		{
			"Asset":"othelloToken",
			"Position":[0.75,0.125,1.75],
			"Rotation":[0,0,0,1]
		},
		{
			"Asset":"othelloToken",
			"Position":[1.25,0.125,-1.75],
			"Rotation":[0,0,0,1]
		},
		{
			"Asset":"othelloToken",
			"Position":[1.25,0.125,-1.25],
			"Rotation":[0,0,0,1]
		},
		{
			"Asset":"othelloToken",
			"Position":[1.25,0.125,-0.75],
			"Rotation":[0,0,0,1]
		},
		{
			"Asset":"othelloToken",
			"Position":[1.25,0.125,-0.25],
			"Rotation":[0,0,0,1]
		},
		{
			"Asset":"othelloToken",
			"Position":[1.25,0.125,0.25],
			"Rotation":[0,0,0,1]
		},
		{
			"Asset":"othelloToken",
			"Position":[1.25,0.125,0.75],
			"Rotation":[0,0,0,1]
		},
		{
			"Asset":"othelloToken",
			"Position":[1.25,0.125,1.25],
			"Rotation":[0,0,0,1]
		},
		{
			"Asset":"othelloToken",
			"Position":[1.25,0.125,1.75],
			"Rotation":[0,0,0,1]
		},
		{
			"Asset":"othelloToken",
			"Position":[1.75,0.125,-1.75],
			"Rotation":[0,0,0,1]
		},
		{
			"Asset":"othelloToken",
			"Position":[1.75,0.125,-1.25],
			"Rotation":[0,0,0,1]
		},
		{
			"Asset":"othelloToken",
			"Position":[1.75,0.125,-0.75],
			"Rotation":[0,0,0,1]
		},
		{
			"Asset":"othelloToken",
			"Position":[1.75,0.125,-0.25],
			"Rotation":[0,0,0,1]
		},
		{
			"Asset":"othelloToken",
			"Position":[1.75,0.125,0.25],
			"Rotation":[0,0,0,1]
		},
		{
			"Asset":"othelloToken",
			"Position":[1.75,0.125,0.75],
			"Rotation":[0,0,0,1]
		},
		{
			"Asset":"othelloToken",
			"Position":[1.75,0.125,1.25],
			"Rotation":[0,0,0,1]
		},
		{
			"Asset":"othelloToken",
			"Position":[1.75,0.125,1.75],
			"Rotation":[0,0,0,1]
		}
	]
}